{
  "configurations": [
    {
      "name": "Visual Micro",
      "intelliSenseMode": "windows-msvc-x86",
      "includePath": [
        "${projectRoot}..\\BMI270-2",
        "${projectRoot}..\\..\\..\\..\\..\\..\\Program Files (x86)\\Arduino\\hardware\\arduino\\avr\\libraries\\SPI\\src",
        "${projectRoot}..\\..\\..\\..\\..\\..\\Program Files (x86)\\Arduino\\hardware\\arduino\\avr\\libraries\\Wire\\src",
        "${projectRoot}..\\..\\..\\..\\..\\..\\Program Files (x86)\\Arduino\\hardware\\arduino\\avr\\libraries\\Wire\\src\\utility",
        "${projectRoot}..\\..\\..\\..\\..\\..\\Program Files (x86)\\Arduino\\hardware\\arduino\\avr\\cores\\arduino",
        "${projectRoot}..\\..\\..\\..\\..\\..\\Program Files (x86)\\Arduino\\hardware\\arduino\\avr\\variants\\standard",
        "${projectRoot}..\\..\\..\\..\\..\\..\\Program Files (x86)\\Arduino\\hardware\\tools\\avr\\\\lib\\gcc\\avr\\7.3.0\\include",
        "${projectRoot}..\\..\\..\\..\\..\\..\\Program Files (x86)\\Arduino\\hardware\\tools\\avr\\avr\\include",
        "${projectRoot}..\\..\\..\\..\\..\\..\\Program Files (x86)\\Arduino\\hardware\\tools\\avr\\\\lib\\gcc\\avr\\7.3.0\\include",
        "${projectRoot}..\\..\\..\\..\\..\\..\\Program Files (x86)\\Arduino\\hardware\\tools\\avr\\avr\\include-fixed",
        "${projectRoot}..\\..\\..\\..\\..\\..\\Program Files (x86)\\Arduino\\hardware\\tools\\avr\\avr\\include\\avr",
        "${projectRoot}..\\..\\..\\..\\..\\..\\Program Files (x86)\\Arduino\\hardware\\tools\\avr\\lib\\gcc\\avr\\4.9.2\\include",
        "${projectRoot}..\\..\\..\\..\\..\\..\\Program Files (x86)\\Arduino\\hardware\\tools\\avr\\lib\\gcc\\avr\\4.9.2\\include",
        "${projectRoot}..\\..\\..\\..\\..\\..\\Program Files (x86)\\Arduino\\hardware\\tools\\avr\\lib\\gcc\\avr\\4.9.3\\include"
      ],
      "defines": [
        "__AVR_atmega328p__",
        "__AVR_ATmega328P__",
        "__AVR_ATmega328p__",
        "F_CPU=16000000L",
        "ARDUINO=108013",
        "ARDUINO_AVR_UNO_WIFI_DEV_ED",
        "ARDUINO_ARCH_AVR",
        "ESP_CH_UART",
        "ESP_CH_UART_BR=19200",
        "__cplusplus=201103L",
        "_VMICRO_INTELLISENSE"
      ]
    }
  ]
}